<?xml version="1.0" encoding="UTF-8" ?>
<production_line>
    <unit>
        <lift_module modID="LM001">
            <name>
                Starter Pallet Lift LM1
            </name>
            <description>
                Lifts the pallets from the bottom conveyor up to the Starter module
            </description>
            <conveyor1 type="BELT" modID="LM111" feed="in">
                <description>
                    Pallet Conveyor (bottom)
                </description>
            </conveyor1>
            <conveyor2 type="BELT" modID="LM112" feed="out">
                <description>
                    Pallet Conveyor (top)
                </description>
            </conveyor2>
            <chassis type="SAFETY" modID="LM121" width="500" height="1200" length="700">
                <sensor type="OPTIC" modID="LM231"/>
            </chassis>
            <sensor type="INDUCTIVE" modID="LM131"/>
            <sensor type="OPTIC" modID="LM132"/>
        </lift_module>
    </unit>
    <unit>
        <starter_module modID="SM001">
            <name>
                Starter Module SM1
            </name>
            <description>
                Shares the pallets to three conveyors
            </description>
            <conveyor1 type="BELT" modID="SM111" feed="forward">
                <description>
                    Pallet Conveyor (middle)
                </description>
            </conveyor1>
            <conveyor2 type="BELT" modID="SM112" feed="forward">
                <description>
                    Pallet Conveyor (feed1)
                </description>
            </conveyor2>
            <conveyor3 type="BELT" modID="SM113" feed="forward">
                <description>
                    Pallet Conveyor(feed2)
                </description>
            </conveyor3>
            <crossing modID="SM141"/>
            <crossing modID="SM142"/>
            <crossing modID="SM143"/>
            <sensor type="INDUCTIVE" modID="SM131"/>
            <sensor type="OPTIC" modID="SM132"/>
        </starter_module>        
    </unit>
    <unit>
        <workstation modID="WM001">
            <name>
                Workstation WM1
            </name>
            <description>
                Contains left and right work posts
            </description>
            <conveyor1 type="BELT" modiD="WM111" feed="forward">
                <description>
                    Pallet Conveyor (middle)
                </description>
            </conveyor1>
            <conveyor2 type="BELT" modID="WM112" feed="forward">
                <description>
                    Pallet Conveyor (left)
                </description>
            </conveyor2>
            <conveyor3 type="BELT" modID="WM113" feed="forward">
                <description>
                    Pallet Conveyor (right)
                </description>
            </conveyor3>
            <crossing modID="WM141"/>
            <crossing modID="WM142"/>
            <crossing modID="WM143"/>
            <sensor type="INDUCTIVE" modID="WM131"/>
            <sensor type="OPTIC" modID="WM132"/>
        </workstation>
    </unit>
    <unit>
        <lift_module modID="LM002">
            <name>
                Line End Pallet Lift LM2
            </name>
            <description>
                Moves the pallets from the top conveyor down to the bottom conveyor
            </description>
            <conveyor1 type="BELT" modID="LM113" feed="in">
                <description>
                    Pallet Conveyor (bottom)
                </description>
            </conveyor1>
            <conveyor2 type="BELT" modID="LM114" feed="out">
                <description>
                    Pallet Conveyor (top)
                </description>
            </conveyor2>
            <chassis type="SAFETY" modID="LM122" width="500" height="1200" length="700">
                <sensor type="OPTIC" modID="LM232"/>
            </chassis>
            <sensor type="INDUCTIVE" modID="LM133"/>
            <sensor type="OPTIC" modID="LM134"/>
        </lift_module>
    </unit>
</production_line>
<!-- Create a valid production_line.xml document following the instructions of U1E2_1 -->
<!-- Huom: muista tallettaa tiedosto UTF-8 formaatissa: Encode in UTF-8 (without BOM)-->
<!-- Huom: TehtÃ¤vÃ¤n vaihe 4: lisÃ¤Ã¤ seuraavat tekstisisÃ¤llÃ¶t description ja name elementeille: -->
<!-- lift_module1 name: Starter Pallet Lift LM1
		description: Lifts the pallets from the bottom conveyor up to the Starter module 
		conveyor1 description: Pallet Conveyor (bottom)
		conveyor2 description: Pallet Conveyor (top)	
		-->
<!-- starter_module name: Starter Module SM1
		description: Shares the pallets to three conveyors 
		conveyor1 description: Pallet Conveyor (middle)
		conveyor2 description: Pallet Conveyor (feed1)
		conveyor3 description: Pallet Conveyor (feed2)		
		-->		
<!-- workstation name: Workstation WM1
		description: Contains left and right work posts 
		conveyor1 description: Pallet Conveyor (middle)
		conveyor2 description: Pallet Conveyor (left)
		conveyor3 description: Pallet Conveyor (right)	
		-->
<!-- lift_module2 name: Line End Pallet Lift LM2
		description: Moves the pallets from the top conveyor down to the bottom conveyor
		conveyor1 description: Pallet Conveyor (bottom)
		conveyor2 description: Pallet Conveyor (top)	
		-->
		
