<?xml version="1.0" encoding="UTF-8"?>
<production_line>
<!-- 2018-01-31 -->
<!-- U3E2_1: production_line_v1.xml target document to be validated -->
<!-- Contains only the main element structure. No attributes, no text content -->
	
   <unit>
    <lift_module>
	  <name></name>
      <description></description>
      <conveyor></conveyor>
      <conveyor></conveyor>
      <chassis>
        <sensor></sensor>
      </chassis>
	  <sensor></sensor>
	  <sensor></sensor>
    </lift_module>
  </unit>

  <unit>
    <starter_module>
	  <name></name>
      <description></description>
      <conveyor></conveyor>
      <conveyor></conveyor>
      <conveyor></conveyor>
      <crossing/>
      <crossing/>
      <crossing/>
      <sensor></sensor>
      <sensor></sensor>
    </starter_module>
  </unit>

  <unit>
    <workstation>
	  <name></name>
      <description></description>
      <conveyor></conveyor>
      <conveyor></conveyor>
      <conveyor></conveyor>
      <crossing/>
      <crossing/>
      <crossing/>
      <sensor></sensor>
      <sensor></sensor>
    </workstation>
  </unit>

  <unit>
    <lift_module>
	  <name></name>
      <description></description>
      <conveyor></conveyor>
      <conveyor></conveyor>
      <chassis>
        <sensor></sensor>
      </chassis>
	  <sensor></sensor>
	  <sensor></sensor>
    </lift_module>
  </unit>

</production_line>
