<?xml version="1.0" encoding="utf-8"?><AutomationMLLibrary>
<InstanceHierarchy Name="production_line">
<InternalElement Name="unit_1" ID="101">
<InternalElement Name="Starter Pallet Lift LM1" ID="LM001" RefBaseSystemUnitPath="ProdLineSystemUnitClassLib/lift_module">
<InternalElement Name="conveyor_1" ID="101" RefBaseSystemUnitPath="ProdLineSystemUnitClassLib/BELTconveyor"/>
<InternalElement Name="conveyor_2" ID="101" RefBaseSystemUnitPath="ProdLineSystemUnitClassLib/BELTconveyor"/>
<InternalElement Name="chassis_1" ID="101" RefBaseSystemUnitPath="ProdLineSystemUnitClassLib/SAFETYchassis">
<InternalElement Name="sensor_1" ID="101" RefBaseSystemUnitPath="ProdLineSystemUnitClassLib/OPTICsensor"/>
</InternalElement>
<InternalElement Name="sensor_1" ID="101" RefBaseSystemUnitPath="ProdLineSystemUnitClassLib/INDUCTIVEsensor"/>
<InternalElement Name="sensor_2" ID="101" RefBaseSystemUnitPath="ProdLineSystemUnitClassLib/OPTICsensor"/>
</InternalElement>
</InternalElement>
<InternalElement Name="unit_2" ID="101">
<InternalElement Name="Line End Pallet Lift LM2" ID="LM002" RefBaseSystemUnitPath="ProdLineSystemUnitClassLib/lift_module">
<InternalElement Name="conveyor_1" ID="101" RefBaseSystemUnitPath="ProdLineSystemUnitClassLib/BELTconveyor"/>
<InternalElement Name="conveyor_2" ID="101" RefBaseSystemUnitPath="ProdLineSystemUnitClassLib/BELTconveyor"/>
<InternalElement Name="chassis_1" ID="101" RefBaseSystemUnitPath="ProdLineSystemUnitClassLib/SAFETYchassis">
<InternalElement Name="sensor_1" ID="101" RefBaseSystemUnitPath="ProdLineSystemUnitClassLib/OPTICsensor"/>
</InternalElement>
<InternalElement Name="sensor_1" ID="101" RefBaseSystemUnitPath="ProdLineSystemUnitClassLib/INDUCTIVEsensor"/>
<InternalElement Name="sensor_2" ID="101" RefBaseSystemUnitPath="ProdLineSystemUnitClassLib/OPTICsensor"/>
</InternalElement>
</InternalElement>
<InternalElement Name="unit_3" ID="101">
<InternalElement Name="Starter Module SM1" ID="SM001" RefBaseSystemUnitPath="ProdLineSystemUnitClassLib/starter_module">
<InternalElement Name="conveyor_1" ID="101" RefBaseSystemUnitPath="ProdLineSystemUnitClassLib/BELTconveyor"/>
<InternalElement Name="conveyor_2" ID="101" RefBaseSystemUnitPath="ProdLineSystemUnitClassLib/BELTconveyor"/>
<InternalElement Name="conveyor_3" ID="101" RefBaseSystemUnitPath="ProdLineSystemUnitClassLib/BELTconveyor"/>
<InternalElement Name="crossing_1" ID="101" RefBaseSystemUnitPath="ProdLineSystemUnitClassLib/crossing"/>
<InternalElement Name="crossing_2" ID="101" RefBaseSystemUnitPath="ProdLineSystemUnitClassLib/crossing"/>
<InternalElement Name="crossing_3" ID="101" RefBaseSystemUnitPath="ProdLineSystemUnitClassLib/crossing"/>
<InternalElement Name="sensor_1" ID="101" RefBaseSystemUnitPath="ProdLineSystemUnitClassLib/INDUCTIVEsensor"/>
<InternalElement Name="sensor_2" ID="101" RefBaseSystemUnitPath="ProdLineSystemUnitClassLib/OPTICsensor"/>
</InternalElement>
</InternalElement>
<InternalElement Name="unit_4" ID="101">
<InternalElement Name="Workstation WM1" ID="WM001" RefBaseSystemUnitPath="ProdLineSystemUnitClassLib/workstation">
<InternalElement Name="conveyor_1" ID="101" RefBaseSystemUnitPath="ProdLineSystemUnitClassLib/BELTconveyor"/>
<InternalElement Name="conveyor_2" ID="101" RefBaseSystemUnitPath="ProdLineSystemUnitClassLib/BELTconveyor"/>
<InternalElement Name="conveyor_3" ID="101" RefBaseSystemUnitPath="ProdLineSystemUnitClassLib/BELTconveyor"/>
<InternalElement Name="crossing_1" ID="101" RefBaseSystemUnitPath="ProdLineSystemUnitClassLib/crossing"/>
<InternalElement Name="crossing_2" ID="101" RefBaseSystemUnitPath="ProdLineSystemUnitClassLib/crossing"/>
<InternalElement Name="crossing_3" ID="101" RefBaseSystemUnitPath="ProdLineSystemUnitClassLib/crossing"/>
<InternalElement Name="sensor_1" ID="101" RefBaseSystemUnitPath="ProdLineSystemUnitClassLib/INDUCTIVEsensor"/>
<InternalElement Name="sensor_2" ID="101" RefBaseSystemUnitPath="ProdLineSystemUnitClassLib/OPTICsensor"/>
</InternalElement>
</InternalElement>
</InstanceHierarchy>
</AutomationMLLibrary>
