<?xml version="1.0" encoding="UTF-8" ?>
<!-- Create a valid production_line.xml document following the instructions of U1E2_1 -->
<!-- Huom: muista tallettaa tiedosto UTF-8 formaatissa: Encode in UTF-8 (without BOM)-->
<!-- Huom: Tehtävän vaihe 4: lisää seuraavat tekstisisällöt description ja name elementeille: -->
<!-- lift_module1 name: Starter Pallet Lift LM1
		description: Lifts the pallets from the bottom conveyor up to the Starter module 
		conveyor1 description: Pallet Conveyor (bottom)
		conveyor2 description: Pallet Conveyor (top)	
		-->
<!-- starter_module name: Starter Module SM1
		description: Shares the pallets to three conveyors 
		conveyor1 description: Pallet Conveyor (middle)
		conveyor2 description: Pallet Conveyor (feed1)
		conveyor3 description: Pallet Conveyor (feed2)		
		-->		
<!-- workstation name: Workstation WM1
		description: Contains left and right work posts 
		conveyor1 description: Pallet Conveyor (middle)
		conveyor2 description: Pallet Conveyor (left)
		conveyor3 description: Pallet Conveyor (right)	
		-->
<!-- lift_module2 name: Line End Pallet Lift LM2
		description: Moves the pallets from the top conveyor down to the bottom conveyor
		conveyor1 description: Pallet Conveyor (bottom)
		conveyor2 description: Pallet Conveyor (top)	
		-->
		
<production_line>
  <unit>
	<lift_module modID="LM001">
	  <name>Starter Pallet Lift LM1</name>
	  <description>Lifts the pallets from the bottom conveyor up to the Starter module</description>
	  <conveyor type ="BELT" feed="in">
	    <description>Pallet Conveyor (bottom)</description>
	  </conveyor>
	  <conveyor type ="BELT" feed="out">
	    <description>Pallet Conveyor (top)</description>
	  </conveyor>
	  <chassis type="SAFETY" width="500" height="1200" length="700">
	    <sensor type="OPTIC"/>
	  </chassis>
	  <sensor type="INDUCTIVE"/>
	  <sensor type="OPTIC"/>
	</lift_module>
  </unit>
  <unit>
	<starter_module modID="SM001">
	  <name>Starter Module SM1</name>
	  <description>Shares the pallets to three conveyors</description>
	  <conveyor type ="BELT" feed="forward">
	    <description>Pallet Conveyor (middle)</description>
	  </conveyor>
	  <conveyor type ="BELT" feed="forward">
	    <description>Pallet Conveyor (feed1)</description>
	  </conveyor>
	  <conveyor type ="BELT" feed="forward">
	    <description>Pallet Conveyor (feed2)</description>
	  </conveyor>
	  <crossing />
	  <crossing />
	  <crossing />
	  <sensor type="INDUCTIVE"/>
	  <sensor type="OPTIC"/>
	</starter_module>
  </unit>
  <unit>
	<workstation modID="WM001">
	  <name>Workstation WM1</name>
	  <description>Contains left and right work posts</description>
	  <conveyor type ="BELT" feed="forward">
	    <description>Pallet Conveyor (middle)</description>
	  </conveyor>
	  <conveyor type ="BELT" feed="forward">
	    <description>Pallet Conveyor (left)</description>
	  </conveyor>
	  <conveyor type ="BELT" feed="forward">
	    <description>Pallet Conveyor (right)</description>
	  </conveyor>
	  <crossing />
	  <crossing />
	  <crossing />
	  <sensor type="INDUCTIVE"/>
	  <sensor type="OPTIC"/>
	</workstation>
  </unit>
  <unit>
	<lift_module modID="LM002">
	  <name>Line End Pallet Lift LM2</name>
	  <description>Moves the pallets from the top conveyor down to the bottom conveyor</description>
	  <conveyor type ="BELT" feed="in">
	    <description>Pallet Conveyor (bottom)</description>
	  </conveyor>
	  <conveyor type ="BELT" feed="out">
	    <description>Pallet Conveyor (top)</description>
	  </conveyor>
	  <chassis type="SAFETY" width="500" height="1200" length="700">
	    <sensor type="OPTIC"/>
	  </chassis>
	  <sensor type="INDUCTIVE"/>
	  <sensor type="OPTIC"/>
	</lift_module>
  </unit>
</production_line>
		

		
